filename,category
24061629.pdf,CONSULTANT
19911786.pdf,CONSULTANT
13520837.pdf,CONSULTANT
32959732.pdf,CONSULTANT
25070914.pdf,CONSULTANT
26581830.pdf,CONSULTANT
10251432.pdf,CONSULTANT
82125182.pdf,CONSULTANT
36621169.pdf,CONSULTANT
21287405.pdf,CONSULTANT
28172023.pdf,CONSULTANT
47996197.pdf,CONSULTANT
24590489.pdf,CONSULTANT
35325329.pdf,CONSULTANT
35603950.pdf,CONSULTANT
63137898.pdf,CONSULTANT
16244633.pdf,CONSULTANT
32517106.pdf,CONSULTANT
49777184.pdf,CONSULTANT
12071138.pdf,CONSULTANT
93459677.pdf,CONSULTANT
19402977.pdf,CONSULTANT
22442947.pdf,CONSULTANT
28230807.pdf,CONSULTANT
69005326.pdf,CONSULTANT
55953734.pdf,CONSULTANT
20681037.pdf,CONSULTANT
15790602.pdf,CONSULTANT
10333299.pdf,CONSULTANT
27018361.pdf,CONSULTANT
18905648.pdf,CONSULTANT
27770859.pdf,CONSULTANT
18932512.pdf,CONSULTANT
25397102.pdf,CONSULTANT
29306433.pdf,CONSULTANT
43685045.pdf,CONSULTANT
37001381.pdf,CONSULTANT
48547319.pdf,CONSULTANT
23636277.pdf,CONSULTANT
25719936.pdf,CONSULTANT
18176523.pdf,CONSULTANT
37818861.pdf,CONSULTANT
17111768.pdf,CONSULTANT
32720816.pdf,CONSULTANT
19362586.pdf,CONSULTANT
25187733.pdf,CONSULTANT
11677077.pdf,CONSULTANT
17163375.pdf,CONSULTANT
13173522.pdf,CONSULTANT
19497420.pdf,CONSULTANT
24817041.pdf,CONSULTANT
46514339.pdf,CONSULTANT
22861181.pdf,CONSULTANT
29992154.pdf,CONSULTANT
95519832.pdf,CONSULTANT
10332998.pdf,CONSULTANT
98348532.pdf,CONSULTANT
21038022.pdf,CONSULTANT
95714702.pdf,CONSULTANT
23864648.pdf,CONSULTANT
65708020.pdf,CONSULTANT
58048626.pdf,CONSULTANT
36425270.pdf,CONSULTANT
76010167.pdf,CONSULTANT
28424982.pdf,CONSULTANT
28198029.pdf,CONSULTANT
19063156.pdf,CONSULTANT
20230207.pdf,CONSULTANT
37292350.pdf,CONSULTANT
15891494.pdf,CONSULTANT
16723524.pdf,CONSULTANT
18316239.pdf,CONSULTANT
30813919.pdf,CONSULTANT
21586858.pdf,CONSULTANT
22008817.pdf,CONSULTANT
24703983.pdf,CONSULTANT
10219099.pdf,CONSULTANT
10527994.pdf,CONSULTANT
47729453.pdf,CONSULTANT
72652441.pdf,CONSULTANT
17911230.pdf,CONSULTANT
10247517.pdf,CONSULTANT
18784594.pdf,CONSULTANT
47919212.pdf,CONSULTANT
24550866.pdf,CONSULTANT
19786924.pdf,CONSULTANT
29165698.pdf,CONSULTANT
22551979.pdf,CONSULTANT
17392859.pdf,CONSULTANT
11584809.pdf,CONSULTANT
27523575.pdf,CONSULTANT
17431847.pdf,CONSULTANT
18084150.pdf,CONSULTANT
27798860.pdf,CONSULTANT
16132195.pdf,CONSULTANT
33627938.pdf,CONSULTANT
13837784.pdf,CONSULTANT
10265057.pdf,CONSULTANT
26509539.pdf,CONSULTANT
20836112.pdf,CONSULTANT
11005406.pdf,CONSULTANT
13386301.pdf,CONSULTANT
33685988.pdf,CONSULTANT
27485716.pdf,CONSULTANT
21611212.pdf,CONSULTANT
15823995.pdf,CONSULTANT
31392754.pdf,CONSULTANT
15139979.pdf,CONSULTANT
51588273.pdf,CONSULTANT
11160414.pdf,CONSULTANT
12442909.pdf,CONSULTANT
89858892.pdf,CONSULTANT
27726066.pdf,CONSULTANT
12544735.pdf,CONSULTANT
80876647.pdf,CONSULTANT
56792999.pdf,CONSULTANT
25547145.pdf,CONSULTANT
25953797.pdf,CONSULTANT
21321598.pdf,CONSULTANT
31552617.pdf,CONSULTANT
29825044.pdf,CONSULTANT
37220856.pdf,CONSULTANT
36727173.pdf,CONSULTANT
28035460.pdf,CONSULTANT
18311419.pdf,CONSULTANT
42546558.pdf,CONSULTANT
34797369.pdf,CONSULTANT
62700506.pdf,CONSULTANT
13330982.pdf,CONSULTANT
64755882.pdf,CONSULTANT
17325147.pdf,CONSULTANT
13583538.pdf,CONSULTANT
11333660.pdf,CONSULTANT
35389360.pdf,CONSULTANT
30304575.pdf,CONSULTANT
15899269.pdf,CONSULTANT
29061628.pdf,CONSULTANT
11958994.pdf,CONSULTANT
22259475.pdf,CONSULTANT
51363762.pdf,CONSULTANT
12334140.pdf,CONSULTANT
13215696.pdf,CONSULTANT
27607632.pdf,CONSULTANT
33241454.pdf,CONSULTANT
11614114.pdf,CONSULTANT
15265464.pdf,CONSULTANT
15941675.pdf,CONSULTANT
20427934.pdf,CONSULTANT
14698557.pdf,CONSULTANT
11592605.pdf,CONSULTANT
17545780.pdf,CONSULTANT
11409460.pdf,CONSULTANT
12668625.pdf,CONSULTANT
15564893.pdf,CONSULTANT
28063132.pdf,CONSULTANT
20211577.pdf,CONSULTANT
15917885.pdf,CONSULTANT
24444525.pdf,CONSULTANT
26167298.pdf,CONSULTANT
12839152.pdf,CONSULTANT
17641670.pdf,CONSULTANT
21265194.pdf,CONSULTANT
18731098.pdf,CONSULTANT
31929166.pdf,CONSULTANT
38047274.pdf,CONSULTANT
32802563.pdf,CONSULTANT
22990761.pdf,CONSULTANT
38847011.pdf,CONSULTANT
24184357.pdf,CONSULTANT
31677347.pdf,CONSULTANT
26278597.pdf,CONSULTANT
18422164.pdf,CONSULTANT
12693146.pdf,CONSULTANT
14708590.pdf,CONSULTANT
42384185.pdf,CONSULTANT
29167286.pdf,CONSULTANT
36392131.pdf,CONSULTANT
18106533.pdf,CONSULTANT
29173771.pdf,CONSULTANT
35985133.pdf,CONSULTANT
71499299.pdf,CONSULTANT
11152490.pdf,CONSULTANT
19717385.pdf,CONSULTANT
21386255.pdf,CONSULTANT
74126637.pdf,CONSULTANT
23568641.pdf,CONSULTANT
19599699.pdf,CONSULTANT
49119887.pdf,CONSULTANT
27164756.pdf,CONSULTANT
15210069.pdf,CONSULTANT
11169163.pdf,CONSULTANT
26160200.pdf,CONSULTANT
37201447.pdf,CONSULTANT
10985403.pdf,CONSULTANT
25101183.pdf,CONSULTANT
22925443.pdf,CONSULTANT
10138632.pdf,CONSULTANT
35302620.pdf,CONSULTANT
10830646.pdf,CONSULTANT
40018190.pdf,CONSULTANT
24799301.pdf,CONSULTANT
13367322.pdf,CONSULTANT
15484011.pdf,CONSULTANT
13087952.pdf,CONSULTANT
27024099.pdf,CONSULTANT
13586069.pdf,CONSULTANT
32067700.pdf,CONSULTANT
93002334.pdf,CONSULTANT
16850314.pdf,CONSULTANT
22510753.pdf,CONSULTANT
26173524.pdf,CONSULTANT
36517781.pdf,CONSULTANT
38225199.pdf,CONSULTANT
91431878.pdf,CONSULTANT
25676643.pdf,CONSULTANT
77638654.pdf,CONSULTANT
27788376.pdf,CONSULTANT
17152392.pdf,CONSULTANT
23864858.pdf,CONSULTANT
25200253.pdf,CONSULTANT
35344611.pdf,CONSULTANT
26425074.pdf,CONSULTANT
27397245.pdf,CONSULTANT
22622351.pdf,CONSULTANT
67406885.pdf,CONSULTANT
82140102.pdf,CONSULTANT
16855929.pdf,CONSULTANT
46055835.pdf,CONSULTANT
19201175.pdf,CONSULTANT
34319869.pdf,CONSULTANT
94503308.pdf,CONSULTANT
26829561.pdf,CONSULTANT
22047665.pdf,CONSULTANT
23591247.pdf,CONSULTANT
13637605.pdf,CONSULTANT
30083943.pdf,CONSULTANT
23048999.pdf,CONSULTANT
20918464.pdf,CONSULTANT
23139437.pdf,CONSULTANT
17714174.pdf,CONSULTANT
17378327.pdf,CONSULTANT
19037403.pdf,CONSULTANT
14611516.pdf,CONSULTANT
95382114.pdf,CONSULTANT
30965258.pdf,CONSULTANT
12547982.pdf,CONSULTANT
28243590.pdf,CONSULTANT
97449528.pdf,CONSULTANT
20977412.pdf,CONSULTANT
29999135.pdf,CONSULTANT
18436190.pdf,CONSULTANT
73075521.pdf,CONSULTANT
27096796.pdf,CONSULTANT
21101152.pdf,CONSULTANT
23673025.pdf,CONSULTANT
93436805.pdf,CONSULTANT
91635250.pdf,CONSULTANT
71772815.pdf,CONSULTANT
26975573.pdf,CONSULTANT
25224998.pdf,CONSULTANT
90365216.pdf,CONSULTANT
20604208.pdf,CONSULTANT
18569929.pdf,CONSULTANT
30713796.pdf,CONSULTANT
14515954.pdf,CONSULTANT
28933005.pdf,CONSULTANT
18460045.pdf,CONSULTANT
35172961.pdf,CONSULTANT
43994605.pdf,CONSULTANT
21807211.pdf,CONSULTANT
19053815.pdf,CONSULTANT
47133747.pdf,CONSULTANT
29792535.pdf,CONSULTANT
42156237.pdf,CONSULTANT
54308684.pdf,CONSULTANT
20237244.pdf,CONSULTANT
13296856.pdf,CONSULTANT
18293620.pdf,CONSULTANT
51432451.pdf,CONSULTANT
14508237.pdf,CONSULTANT
15535920.pdf,CONSULTANT
23185829.pdf,CONSULTANT
37263609.pdf,CONSULTANT
24553863.pdf,CONSULTANT
12748557.pdf,CONSULTANT
11847784.pdf,CONSULTANT
29595906.pdf,CONSULTANT
94417768.pdf,CONSULTANT
16605352.pdf,CONSULTANT
17286050.pdf,CONSULTANT
12022566.pdf,CONSULTANT
24251588.pdf,CONSULTANT
27219200.pdf,CONSULTANT
29640922.pdf,CONSULTANT
11393213.pdf,CONSULTANT
17660419.pdf,CONSULTANT
62850928.pdf,CONSULTANT
38650096.pdf,CONSULTANT
34544955.pdf,CONSULTANT
55477468.pdf,CONSULTANT
91268638.pdf,CONSULTANT
15553584.pdf,CONSULTANT
15363277.pdf,CONSULTANT
26341645.pdf,CONSULTANT
28642819.pdf,CONSULTANT
19506295.pdf,CONSULTANT
17539842.pdf,CONSULTANT
22056333.pdf,CONSULTANT
29915354.pdf,CONSULTANT
32773331.pdf,CONSULTANT
27152464.pdf,CONSULTANT
12491898.pdf,CONSULTANT
12059198.pdf,CONSULTANT
29928796.pdf,CONSULTANT
19446337.pdf,CONSULTANT
22983516.pdf,CONSULTANT
57364820.pdf,CONSULTANT
19070271.pdf,CONSULTANT
31201660.pdf,CONSULTANT
73497035.pdf,CONSULTANT
59450123.pdf,CONSULTANT
17311685.pdf,CONSULTANT
29573698.pdf,CONSULTANT
26932091.pdf,CONSULTANT
44145704.pdf,CONSULTANT
27295996.pdf,CONSULTANT
30990885.pdf,CONSULTANT
18472240.pdf,CONSULTANT
16804396.pdf,CONSULTANT
16226743.pdf,CONSULTANT
30430249.pdf,CONSULTANT
29332616.pdf,CONSULTANT
34594746.pdf,CONSULTANT
11378657.pdf,CONSULTANT
17306905.pdf,CONSULTANT
63989974.pdf,CONSULTANT
36905896.pdf,CONSULTANT
51415089.pdf,CONSULTANT
47549345.pdf,CONSULTANT
20969845.pdf,CONSULTANT
20082776.pdf,CONSULTANT
17165107.pdf,CONSULTANT
10840430.pdf,CONSULTANT
62312955.pdf,CONSULTANT
16507693.pdf,CONSULTANT
21782152.pdf,CONSULTANT
54227873.pdf,CONSULTANT
66741193.pdf,CONSULTANT
14049846.pdf,CONSULTANT
18159866.pdf,CONSULTANT
19867922.pdf,CONSULTANT
35571205.pdf,CONSULTANT
14256329.pdf,CONSULTANT
38309905.pdf,CONSULTANT
14640322.pdf,CONSULTANT
23771896.pdf,CONSULTANT
27040860.pdf,CONSULTANT
18480859.pdf,CONSULTANT
36868767.pdf,CONSULTANT
32563518.pdf,CONSULTANT
42641525.pdf,CONSULTANT
10945968.pdf,CONSULTANT
31395710.pdf,CONSULTANT
17880988.pdf,CONSULTANT
17103000.pdf,CONSULTANT
20553895.pdf,CONSULTANT
28086303.pdf,CONSULTANT
13130984.pdf,CONSULTANT
32219038.pdf,CONSULTANT
29148871.pdf,CONSULTANT
24592627.pdf,CONSULTANT
89049979.pdf,CONSULTANT
10704573.pdf,CONSULTANT
19928941.pdf,CONSULTANT
11842274.pdf,CONSULTANT
59777056.pdf,CONSULTANT
61634281.pdf,CONSULTANT
60489316.pdf,CONSULTANT
47603843.pdf,CONSULTANT
57667857.pdf,CONSULTANT
27233183.pdf,CONSULTANT
92524964.pdf,CONSULTANT
36805025.pdf,CONSULTANT
39875803.pdf,CONSULTANT
24905947.pdf,CONSULTANT
26767199.pdf,CONSULTANT
55746506.pdf,CONSULTANT
32980197.pdf,CONSULTANT
22492537.pdf,CONSULTANT
14381464.pdf,CONSULTANT
64589506.pdf,CONSULTANT
34745915.pdf,CONSULTANT
17274759.pdf,CONSULTANT
78229715.pdf,CONSULTANT
14667957.pdf,CONSULTANT
15226699.pdf,CONSULTANT
25949631.pdf,CONSULTANT
49475708.pdf,CONSULTANT
24001783.pdf,CONSULTANT
23939133.pdf,CONSULTANT
13812481.pdf,CONSULTANT
22720697.pdf,CONSULTANT
28020046.pdf,CONSULTANT
15856762.pdf,CONSULTANT
12374933.pdf,CONSULTANT
23477199.pdf,CONSULTANT
41152404.pdf,CONSULTANT
23985183.pdf,CONSULTANT
11773925.pdf,CONSULTANT
19975121.pdf,CONSULTANT
14874322.pdf,CONSULTANT
22615491.pdf,CONSULTANT
17421910.pdf,CONSULTANT
29878348.pdf,CONSULTANT
11155153.pdf,CONSULTANT
21869994.pdf,CONSULTANT
28614791.pdf,CONSULTANT
18827609.pdf,CONSULTANT
17983957.pdf,CONSULTANT
35474904.pdf,CONSULTANT
43378989.pdf,CONSULTANT
20317319.pdf,CONSULTANT
18488289.pdf,CONSULTANT
19951766.pdf,CONSULTANT
14470533.pdf,CONSULTANT
72876163.pdf,CONSULTANT
59818742.pdf,CONSULTANT
75744306.pdf,CONSULTANT
99124477.pdf,CONSULTANT
12890045.pdf,CONSULTANT
59487170.pdf,CONSULTANT
17422560.pdf,CONSULTANT
12085736.pdf,CONSULTANT
35990852.pdf,CONSULTANT
23155093.pdf,CONSULTANT
34657584.pdf,CONSULTANT
31273310.pdf,CONSULTANT
16509761.pdf,CONSULTANT
56952849.pdf,CONSULTANT
24679149.pdf,CONSULTANT
38698573.pdf,CONSULTANT
13909762.pdf,CONSULTANT
29839396.pdf,CONSULTANT
16924102.pdf,CONSULTANT
67582956.pdf,CONSULTANT
25919149.pdf,CONSULTANT
27756469.pdf,CONSULTANT
28951817.pdf,CONSULTANT
16449694.pdf,CONSULTANT
45077654.pdf,CONSULTANT
16594812.pdf,CONSULTANT
48285304.pdf,CONSULTANT
27090089.pdf,CONSULTANT
29770086.pdf,CONSULTANT
13352113.pdf,CONSULTANT
15765660.pdf,CONSULTANT
29415426.pdf,CONSULTANT
32651555.pdf,CONSULTANT
15297298.pdf,CONSULTANT
11653906.pdf,CONSULTANT
37374340.pdf,CONSULTANT
89512321.pdf,CONSULTANT
11130200.pdf,CONSULTANT
28630325.pdf,CONSULTANT
19147494.pdf,CONSULTANT
54101961.pdf,CONSULTANT
18132924.pdf,CONSULTANT
19302310.pdf,CONSULTANT
12192507.pdf,CONSULTANT
27330027.pdf,CONSULTANT
27120528.pdf,CONSULTANT
24544244.pdf,CONSULTANT
38441665.pdf,CONSULTANT
29075857.pdf,CONSULTANT
30563572.pdf,CONSULTANT
29486525.pdf,CONSULTANT
14825300.pdf,CONSULTANT
26202430.pdf,CONSULTANT
10984392.pdf,CONSULTANT
91591026.pdf,CONSULTANT
31710562.pdf,CONSULTANT
79663360.pdf,CONSULTANT
22042181.pdf,CONSULTANT
24953126.pdf,CONSULTANT
28808263.pdf,CONSULTANT
26987539.pdf,CONSULTANT
28669770.pdf,CONSULTANT
84373843.pdf,CONSULTANT
12613221.pdf,CONSULTANT
23063986.pdf,CONSULTANT
30311202.pdf,CONSULTANT
15618327.pdf,CONSULTANT
38457612.pdf,CONSULTANT
15433732.pdf,CONSULTANT
49646155.pdf,CONSULTANT
15484097.pdf,CONSULTANT
58879993.pdf,CONSULTANT
39675895.pdf,CONSULTANT
19774173.pdf,CONSULTANT
12860543.pdf,CONSULTANT
24219583.pdf,CONSULTANT
93988900.pdf,CONSULTANT
93301686.pdf,CONSULTANT
10567764.pdf,CONSULTANT
39082090.pdf,CONSULTANT
17694454.pdf,CONSULTANT
28078163.pdf,CONSULTANT
98965485.pdf,CONSULTANT
18825446.pdf,CONSULTANT
27126818.pdf,CONSULTANT
27884470.pdf,CONSULTANT
28321954.pdf,CONSULTANT
10873344.pdf,CONSULTANT
18227306.pdf,CONSULTANT
13491889.pdf,CONSULTANT
29930479.pdf,CONSULTANT
26079779.pdf,CONSULTANT
24285142.pdf,CONSULTANT
35579812.pdf,CONSULTANT
21629057.pdf,CONSULTANT
27496514.pdf,CONSULTANT
33135102.pdf,CONSULTANT
18365791.pdf,CONSULTANT
19179079.pdf,CONSULTANT
17640785.pdf,CONSULTANT
17926546.pdf,CONSULTANT
28867567.pdf,CONSULTANT
21366189.pdf,CONSULTANT
24083609.pdf,CONSULTANT
27694040.pdf,CONSULTANT
81508860.pdf,CONSULTANT
18824120.pdf,CONSULTANT
56286525.pdf,CONSULTANT
37231163.pdf,CONSULTANT
15119529.pdf,CONSULTANT
67645662.pdf,CONSULTANT
49685006.pdf,CONSULTANT
10839851.pdf,CONSULTANT
15699744.pdf,CONSULTANT
96260484.pdf,CONSULTANT
29990140.pdf,CONSULTANT
29805310.pdf,CONSULTANT
21856577.pdf,CONSULTANT
39581020.pdf,CONSULTANT
23814777.pdf,CONSULTANT
24703009.pdf,CONSULTANT
11065180.pdf,CONSULTANT
18589927.pdf,CONSULTANT
14014749.pdf,CONSULTANT
16248476.pdf,CONSULTANT
58208591.pdf,CONSULTANT
20275356.pdf,CONSULTANT
60624892.pdf,CONSULTANT
14945250.pdf,CONSULTANT
51638201.pdf,CONSULTANT
13518263.pdf,CONSULTANT
21916744.pdf,CONSULTANT
14287992.pdf,CONSULTANT
18882984.pdf,CONSULTANT
22249155.pdf,CONSULTANT
10466583.pdf,CONSULTANT
10182582.pdf,CONSULTANT
90685127.pdf,CONSULTANT
81588968.pdf,CONSULTANT
88859947.pdf,CONSULTANT
13129275.pdf,CONSULTANT
17864043.pdf,CONSULTANT
29211919.pdf,CONSULTANT
10149490.pdf,CONSULTANT
14106638.pdf,CONSULTANT
18975686.pdf,CONSULTANT
29297973.pdf,CONSULTANT
25862026.pdf,CONSULTANT
28939941.pdf,CONSULTANT
10549585.pdf,CONSULTANT
17775916.pdf,CONSULTANT
26410763.pdf,CONSULTANT
13701259.pdf,CONSULTANT
78538268.pdf,CONSULTANT
23408537.pdf,CONSULTANT
18072085.pdf,CONSULTANT
18885767.pdf,CONSULTANT
15546686.pdf,CONSULTANT
19164410.pdf,CONSULTANT
38165833.pdf,CONSULTANT
19558834.pdf,CONSULTANT
88651471.pdf,CONSULTANT
59696315.pdf,CONSULTANT
31292364.pdf,CONSULTANT
22675694.pdf,CONSULTANT
11804712.pdf,CONSULTANT
21611637.pdf,CONSULTANT
22259768.pdf,CONSULTANT
11444536.pdf,CONSULTANT
17021141.pdf,CONSULTANT
10554236.pdf,CONSULTANT
18753367.pdf,CONSULTANT
23110214.pdf,CONSULTANT
16474898.pdf,CONSULTANT
82246962.pdf,CONSULTANT
32531824.pdf,CONSULTANT
16237710.pdf,CONSULTANT
33578873.pdf,CONSULTANT
29483501.pdf,CONSULTANT
82649935.pdf,CONSULTANT
29449419.pdf,CONSULTANT
29975124.pdf,CONSULTANT
34051710.pdf,CONSULTANT
24977396.pdf,CONSULTANT
85101052.pdf,CONSULTANT
16407619.pdf,CONSULTANT
17694572.pdf,CONSULTANT
19556300.pdf,CONSULTANT
12059610.pdf,CONSULTANT
28126340.pdf,CONSULTANT
13569152.pdf,CONSULTANT
25867805.pdf,CONSULTANT
99416532.pdf,CONSULTANT
28247753.pdf,CONSULTANT
32069695.pdf,CONSULTANT
33750209.pdf,CONSULTANT
22408666.pdf,CONSULTANT
77626587.pdf,CONSULTANT
21809601.pdf,CONSULTANT
15576950.pdf,CONSULTANT
75297735.pdf,CONSULTANT
23510685.pdf,CONSULTANT
19508520.pdf,CONSULTANT
40883703.pdf,CONSULTANT
75156649.pdf,CONSULTANT
17342969.pdf,CONSULTANT
16276121.pdf,CONSULTANT
26942552.pdf,CONSULTANT
17857644.pdf,CONSULTANT
33023370.pdf,CONSULTANT
16849128.pdf,CONSULTANT
13328680.pdf,CONSULTANT
28762662.pdf,CONSULTANT
20925036.pdf,CONSULTANT
21663616.pdf,CONSULTANT
28831378.pdf,CONSULTANT
78257294.pdf,CONSULTANT
56151548.pdf,CONSULTANT
30344127.pdf,CONSULTANT
16533554.pdf,CONSULTANT
21363048.pdf,CONSULTANT
29399491.pdf,CONSULTANT
23398733.pdf,CONSULTANT
26829350.pdf,CONSULTANT
30163002.pdf,CONSULTANT
34419403.pdf,CONSULTANT
14206561.pdf,CONSULTANT
19557384.pdf,CONSULTANT
23807940.pdf,CONSULTANT
57088974.pdf,CONSULTANT
10395944.pdf,CONSULTANT
20400279.pdf,CONSULTANT
33964275.pdf,CONSULTANT
31684925.pdf,CONSULTANT
15727656.pdf,CONSULTANT
31225895.pdf,CONSULTANT
29797594.pdf,CONSULTANT
15118506.pdf,CONSULTANT
14900898.pdf,CONSULTANT
27058381.pdf,CONSULTANT
66226673.pdf,CONSULTANT
65325317.pdf,CONSULTANT
17602815.pdf,CONSULTANT
20176584.pdf,CONSULTANT
69336473.pdf,CONSULTANT
23004695.pdf,CONSULTANT
31242382.pdf,CONSULTANT
23527321.pdf,CONSULTANT
14726000.pdf,CONSULTANT
14225422.pdf,CONSULTANT
10344379.pdf,CONSULTANT
86595128.pdf,CONSULTANT
93653247.pdf,CONSULTANT
53227466.pdf,CONSULTANT
86209934.pdf,CONSULTANT
15273850.pdf,CONSULTANT
37664296.pdf,CONSULTANT
28831442.pdf,CONSULTANT
17396388.pdf,CONSULTANT
33176873.pdf,CONSULTANT
18001081.pdf,CONSULTANT
31761591.pdf,CONSULTANT
32308556.pdf,CONSULTANT
12814706.pdf,CONSULTANT
23427369.pdf,CONSULTANT
28165687.pdf,CONSULTANT
27914096.pdf,CONSULTANT
25258040.pdf,CONSULTANT
16924279.pdf,CONSULTANT
29552167.pdf,CONSULTANT
17509935.pdf,CONSULTANT
39142536.pdf,CONSULTANT
18805506.pdf,CONSULTANT
24754689.pdf,CONSULTANT
24989856.pdf,CONSULTANT
37640804.pdf,CONSULTANT
17983430.pdf,CONSULTANT
56691064.pdf,CONSULTANT
23234047.pdf,CONSULTANT
71576860.pdf,CONSULTANT
27558837.pdf,CONSULTANT
15746146.pdf,CONSULTANT
78016758.pdf,CONSULTANT
17033567.pdf,CONSULTANT
85766635.pdf,CONSULTANT
79041971.pdf,CONSULTANT
23513618.pdf,CONSULTANT
65864767.pdf,CONSULTANT
27549075.pdf,CONSULTANT
87118391.pdf,CONSULTANT
21125113.pdf,CONSULTANT
42487883.pdf,CONSULTANT
38314236.pdf,CONSULTANT
36024962.pdf,CONSULTANT
22485475.pdf,CONSULTANT
64471954.pdf,CONSULTANT
19545827.pdf,CONSULTANT
30504149.pdf,CONSULTANT
63158213.pdf,CONSULTANT
58165257.pdf,CONSULTANT
14346702.pdf,CONSULTANT
13264154.pdf,CONSULTANT
90682785.pdf,CONSULTANT
22455205.pdf,CONSULTANT
15932017.pdf,CONSULTANT
24588864.pdf,CONSULTANT
17412079.pdf,CONSULTANT
29134721.pdf,CONSULTANT
36269672.pdf,CONSULTANT
20986595.pdf,CONSULTANT
13855004.pdf,CONSULTANT
21705160.pdf,CONSULTANT
86549455.pdf,CONSULTANT
26046064.pdf,CONSULTANT
12545844.pdf,CONSULTANT
20279756.pdf,CONSULTANT
31605080.pdf,CONSULTANT
10076271.pdf,CONSULTANT
26768723.pdf,CONSULTANT
12763627.pdf,CONSULTANT
51724595.pdf,CONSULTANT
75057933.pdf,CONSULTANT
25142074.pdf,CONSULTANT
30288581.pdf,CONSULTANT
68338341.pdf,CONSULTANT
33803142.pdf,CONSULTANT
90363254.pdf,CONSULTANT
27835351.pdf,CONSULTANT
10070224.pdf,CONSULTANT
12021752.pdf,CONSULTANT
87826037.pdf,CONSULTANT
26896699.pdf,CONSULTANT
98086373.pdf,CONSULTANT
23354541.pdf,CONSULTANT
58105060.pdf,CONSULTANT
28505854.pdf,CONSULTANT
31536294.pdf,CONSULTANT
29521434.pdf,CONSULTANT
25425322.pdf,CONSULTANT
16426777.pdf,CONSULTANT
25974844.pdf,CONSULTANT
23818675.pdf,CONSULTANT
27715131.pdf,CONSULTANT
23929500.pdf,CONSULTANT
22488036.pdf,CONSULTANT
14528265.pdf,CONSULTANT
13964744.pdf,CONSULTANT
16702198.pdf,CONSULTANT
31040875.pdf,CONSULTANT
19397727.pdf,CONSULTANT
11490673.pdf,CONSULTANT
26908066.pdf,CONSULTANT
10909673.pdf,CONSULTANT
37472265.pdf,CONSULTANT
34554248.pdf,CONSULTANT
28758002.pdf,CONSULTANT
14181049.pdf,CONSULTANT
47276718.pdf,CONSULTANT
45167858.pdf,CONSULTANT
27909372.pdf,CONSULTANT
24668861.pdf,CONSULTANT
45900271.pdf,CONSULTANT
70089206.pdf,CONSULTANT
12315079.pdf,CONSULTANT
30361788.pdf,CONSULTANT
22560013.pdf,CONSULTANT
11232471.pdf,CONSULTANT
37473139.pdf,CONSULTANT
24695561.pdf,CONSULTANT
94230796.pdf,CONSULTANT
17488801.pdf,CONSULTANT
19284293.pdf,CONSULTANT
29211359.pdf,CONSULTANT
13557622.pdf,CONSULTANT
27974588.pdf,CONSULTANT
10562768.pdf,CONSULTANT
72807293.pdf,CONSULTANT
14861855.pdf,CONSULTANT
75950464.pdf,CONSULTANT
76916835.pdf,CONSULTANT
16186411.pdf,CONSULTANT
20006992.pdf,CONSULTANT
26834746.pdf,CONSULTANT
32965335.pdf,CONSULTANT
24580361.pdf,CONSULTANT
15906625.pdf,CONSULTANT
41590605.pdf,CONSULTANT
58428843.pdf,CONSULTANT
12092347.pdf,CONSULTANT
27710853.pdf,CONSULTANT
10816645.pdf,CONSULTANT
21031285.pdf,CONSULTANT
31169070.pdf,CONSULTANT
19851252.pdf,CONSULTANT
44147689.pdf,CONSULTANT
34465087.pdf,CONSULTANT
17132168.pdf,CONSULTANT
19582792.pdf,CONSULTANT
38744475.pdf,CONSULTANT
78403342.pdf,CONSULTANT
17818707.pdf,CONSULTANT
14248724.pdf,CONSULTANT
24967652.pdf,CONSULTANT
25001005.pdf,CONSULTANT
32637306.pdf,CONSULTANT
16066857.pdf,CONSULTANT
91467795.pdf,CONSULTANT
35564026.pdf,CONSULTANT
14790629.pdf,CONSULTANT
40792022.pdf,CONSULTANT
98513424.pdf,CONSULTANT
17407184.pdf,CONSULTANT
24294778.pdf,CONSULTANT
26231609.pdf,CONSULTANT
62870550.pdf,CONSULTANT
12420359.pdf,CONSULTANT
95429627.pdf,CONSULTANT
65219288.pdf,CONSULTANT
79376680.pdf,CONSULTANT
24322804.pdf,CONSULTANT
25834360.pdf,CONSULTANT
28989677.pdf,CONSULTANT
16861758.pdf,CONSULTANT
14569498.pdf,CONSULTANT
81310245.pdf,CONSULTANT
14036515.pdf,CONSULTANT
28670024.pdf,CONSULTANT
35971546.pdf,CONSULTANT
28206098.pdf,CONSULTANT
70892619.pdf,CONSULTANT
91515108.pdf,CONSULTANT
38291889.pdf,CONSULTANT
65373280.pdf,CONSULTANT
21912637.pdf,CONSULTANT
23631188.pdf,CONSULTANT
12635195.pdf,CONSULTANT
24583187.pdf,CONSULTANT
22232367.pdf,CONSULTANT
38750659.pdf,CONSULTANT
32977530.pdf,CONSULTANT
51769822.pdf,CONSULTANT
13454871.pdf,CONSULTANT
38642923.pdf,CONSULTANT
88907739.pdf,CONSULTANT
39835894.pdf,CONSULTANT
31025785.pdf,CONSULTANT
11174187.pdf,CONSULTANT
12338274.pdf,CONSULTANT
12791244.pdf,CONSULTANT
17095812.pdf,CONSULTANT
21669215.pdf,CONSULTANT
10501991.pdf,CONSULTANT
17481570.pdf,CONSULTANT
20210676.pdf,CONSULTANT
20417897.pdf,CONSULTANT
17410700.pdf,CONSULTANT
26801767.pdf,CONSULTANT
24994145.pdf,CONSULTANT
30148777.pdf,CONSULTANT
55097118.pdf,CONSULTANT
26790545.pdf,CONSULTANT
29425788.pdf,CONSULTANT
34740556.pdf,CONSULTANT
21060367.pdf,CONSULTANT
34349255.pdf,CONSULTANT
11813872.pdf,CONSULTANT
69666645.pdf,CONSULTANT
11676151.pdf,CONSULTANT
28623782.pdf,CONSULTANT
13199813.pdf,CONSULTANT
12415691.pdf,CONSULTANT
30968749.pdf,CONSULTANT
24913648.pdf,CONSULTANT
21338490.pdf,CONSULTANT
27182111.pdf,CONSULTANT
25780596.pdf,CONSULTANT
30223363.pdf,CONSULTANT
14267489.pdf,CONSULTANT
11624880.pdf,CONSULTANT
59422148.pdf,CONSULTANT
36136569.pdf,CONSULTANT
52684666.pdf,CONSULTANT
10659182.pdf,CONSULTANT
15802627.pdf,CONSULTANT
49285644.pdf,CONSULTANT
38154903.pdf,CONSULTANT
25038571.pdf,CONSULTANT
24402267.pdf,CONSULTANT
20698469.pdf,CONSULTANT
27903191.pdf,CONSULTANT
16332293.pdf,CONSULTANT
24647794.pdf,CONSULTANT
29746235.pdf,CONSULTANT
12341902.pdf,CONSULTANT
20324037.pdf,CONSULTANT
21796843.pdf,CONSULTANT
45907524.pdf,CONSULTANT
25857360.pdf,CONSULTANT
84512719.pdf,CONSULTANT
24038620.pdf,CONSULTANT
19738730.pdf,CONSULTANT
53265899.pdf,CONSULTANT
98559931.pdf,CONSULTANT
30437583.pdf,CONSULTANT
93112113.pdf,CONSULTANT
16985289.pdf,CONSULTANT
10588874.pdf,CONSULTANT
15958967.pdf,CONSULTANT
26291616.pdf,CONSULTANT
17576030.pdf,CONSULTANT
14070138.pdf,CONSULTANT
18856440.pdf,CONSULTANT
21297828.pdf,CONSULTANT
39237915.pdf,CONSULTANT
16519708.pdf,CONSULTANT
11759079.pdf,CONSULTANT
41651672.pdf,CONSULTANT
13879043.pdf,CONSULTANT
38216888.pdf,CONSULTANT
27176039.pdf,CONSULTANT
39650734.pdf,CONSULTANT
26503829.pdf,CONSULTANT
28398216.pdf,CONSULTANT
17659053.pdf,CONSULTANT
22571461.pdf,CONSULTANT
34962725.pdf,CONSULTANT
14585273.pdf,CONSULTANT
13014900.pdf,CONSULTANT
12858898.pdf,CONSULTANT
10603337.pdf,CONSULTANT
20272792.pdf,CONSULTANT
23918545.pdf,CONSULTANT
39908485.pdf,CONSULTANT
30542184.pdf,CONSULTANT
16378091.pdf,CONSULTANT
17025292.pdf,CONSULTANT
94137171.pdf,CONSULTANT
10001727.pdf,CONSULTANT
12780508.pdf,CONSULTANT
10926726.pdf,CONSULTANT
64017585.pdf,CONSULTANT
15423153.pdf,CONSULTANT
61579998.pdf,CONSULTANT
25924968.pdf,CONSULTANT
81677620.pdf,CONSULTANT
14491649.pdf,CONSULTANT
30642458.pdf,CONSULTANT
75286906.pdf,CONSULTANT
35164503.pdf,CONSULTANT
14209965.pdf,CONSULTANT
10281555.pdf,CONSULTANT
15850434.pdf,CONSULTANT
19612167.pdf,CONSULTANT
24767027.pdf,CONSULTANT
39608848.pdf,CONSULTANT
81217013.pdf,CONSULTANT
34250007.pdf,CONSULTANT
69532425.pdf,CONSULTANT
19938081.pdf,CONSULTANT
25370801.pdf,CONSULTANT
25451319.pdf,CONSULTANT
24964303.pdf,CONSULTANT
18900722.pdf,CONSULTANT
24530382.pdf,CONSULTANT
10653119.pdf,CONSULTANT
48580330.pdf,CONSULTANT
81761658.pdf,CONSULTANT
19108760.pdf,CONSULTANT
24397882.pdf,CONSULTANT
54246169.pdf,CONSULTANT
29142288.pdf,CONSULTANT
24673903.pdf,CONSULTANT
22319662.pdf,CONSULTANT
26459032.pdf,CONSULTANT
28733974.pdf,CONSULTANT
22718826.pdf,CONSULTANT
34327438.pdf,CONSULTANT
27981289.pdf,CONSULTANT
18448085.pdf,CONSULTANT
72231872.pdf,CONSULTANT
28631840.pdf,CONSULTANT
19518606.pdf,CONSULTANT
57706851.pdf,CONSULTANT
69859102.pdf,CONSULTANT
87520378.pdf,CONSULTANT
20993320.pdf,CONSULTANT
88691367.pdf,CONSULTANT
14937492.pdf,CONSULTANT
10624813.pdf,CONSULTANT
13095891.pdf,CONSULTANT
22965804.pdf,CONSULTANT
15425154.pdf,CONSULTANT
78273826.pdf,CONSULTANT
14722634.pdf,CONSULTANT
24740005.pdf,CONSULTANT
70603826.pdf,CONSULTANT
28828844.pdf,CONSULTANT
38707449.pdf,CONSULTANT
34953092.pdf,CONSULTANT
12377803.pdf,CONSULTANT
30646367.pdf,CONSULTANT
36331163.pdf,CONSULTANT
26691587.pdf,CONSULTANT
14789139.pdf,CONSULTANT
30741799.pdf,CONSULTANT
11842348.pdf,CONSULTANT
31602598.pdf,CONSULTANT
18334783.pdf,CONSULTANT
33872500.pdf,CONSULTANT
17987433.pdf,CONSULTANT
20399718.pdf,CONSULTANT
45475027.pdf,CONSULTANT
14064815.pdf,CONSULTANT
17730889.pdf,CONSULTANT
36434348.pdf,CONSULTANT
35492909.pdf,CONSULTANT
26695839.pdf,CONSULTANT
30826569.pdf,CONSULTANT
16887936.pdf,CONSULTANT
12920612.pdf,CONSULTANT
25990239.pdf,CONSULTANT
10694288.pdf,CONSULTANT
10333051.pdf,CONSULTANT
31813535.pdf,CONSULTANT
34131484.pdf,CONSULTANT
76530505.pdf,CONSULTANT
24983760.pdf,CONSULTANT
21645690.pdf,CONSULTANT
10889157.pdf,CONSULTANT
11672279.pdf,CONSULTANT
10464113.pdf,CONSULTANT
69487178.pdf,CONSULTANT
62184086.pdf,CONSULTANT
20314980.pdf,CONSULTANT
20736486.pdf,CONSULTANT
37931076.pdf,CONSULTANT
11635137.pdf,CONSULTANT
21756639.pdf,CONSULTANT
19444529.pdf,CONSULTANT
22567495.pdf,CONSULTANT
26671167.pdf,CONSULTANT
12826414.pdf,CONSULTANT
95350373.pdf,CONSULTANT
11616482.pdf,CONSULTANT
23577836.pdf,CONSULTANT
19176318.pdf,CONSULTANT
30757456.pdf,CONSULTANT
34792238.pdf,CONSULTANT
31926950.pdf,CONSULTANT
50324968.pdf,CONSULTANT
20423658.pdf,CONSULTANT
91533580.pdf,CONSULTANT
20880935.pdf,CONSULTANT
41950126.pdf,CONSULTANT
35554162.pdf,CONSULTANT
15918496.pdf,CONSULTANT
12955994.pdf,CONSULTANT
28326441.pdf,CONSULTANT
12587973.pdf,CONSULTANT
13593241.pdf,CONSULTANT
21178545.pdf,CONSULTANT
36574147.pdf,CONSULTANT
29894080.pdf,CONSULTANT
20457611.pdf,CONSULTANT
15083600.pdf,CONSULTANT
10820510.pdf,CONSULTANT
11088337.pdf,CONSULTANT
13342150.pdf,CONSULTANT
14536764.pdf,CONSULTANT
13774329.pdf,CONSULTANT
24416961.pdf,CONSULTANT
11835339.pdf,CONSULTANT
11262933.pdf,CONSULTANT
16038911.pdf,CONSULTANT
29968330.pdf,CONSULTANT
27536013.pdf,CONSULTANT
10734870.pdf,CONSULTANT
14871762.pdf,CONSULTANT
11415967.pdf,CONSULTANT
17584743.pdf,CONSULTANT
22765255.pdf,CONSULTANT
34046031.pdf,CONSULTANT
28974459.pdf,CONSULTANT
81373857.pdf,CONSULTANT
55500538.pdf,CONSULTANT
19929506.pdf,CONSULTANT
16877897.pdf,CONSULTANT
21794875.pdf,CONSULTANT
25525152.pdf,CONSULTANT
23573064.pdf,CONSULTANT
86828820.pdf,CONSULTANT
38007664.pdf,CONSULTANT
38897568.pdf,CONSULTANT
37735467.pdf,CONSULTANT
24559558.pdf,CONSULTANT
18979238.pdf,CONSULTANT
24508725.pdf,CONSULTANT
21853199.pdf,CONSULTANT
25838512.pdf,CONSULTANT
42304307.pdf,CONSULTANT
24710433.pdf,CONSULTANT
73077810.pdf,CONSULTANT
29076405.pdf,CONSULTANT
83206166.pdf,CONSULTANT
18442517.pdf,CONSULTANT
15471999.pdf,CONSULTANT
91026230.pdf,CONSULTANT
23398843.pdf,CONSULTANT
71422121.pdf,CONSULTANT
19161572.pdf,CONSULTANT
28697203.pdf,CONSULTANT
27091280.pdf,CONSULTANT
12251115.pdf,CONSULTANT
50775901.pdf,CONSULTANT
98300955.pdf,CONSULTANT
27139412.pdf,CONSULTANT
39115899.pdf,CONSULTANT
21773106.pdf,CONSULTANT
28325193.pdf,CONSULTANT
37913536.pdf,CONSULTANT
29087505.pdf,CONSULTANT
17655479.pdf,CONSULTANT
36107065.pdf,CONSULTANT
24533931.pdf,CONSULTANT
18767449.pdf,CONSULTANT
98509238.pdf,CONSULTANT
24020470.pdf,CONSULTANT
64468610.pdf,CONSULTANT
56025640.pdf,CONSULTANT
26480367.pdf,CONSULTANT
19464810.pdf,CONSULTANT
36758947.pdf,CONSULTANT
13343786.pdf,CONSULTANT
62555739.pdf,CONSULTANT
96493528.pdf,CONSULTANT
25797445.pdf,CONSULTANT
27902692.pdf,CONSULTANT
25413261.pdf,CONSULTANT
18268860.pdf,CONSULTANT
28724469.pdf,CONSULTANT
27573855.pdf,CONSULTANT
15573418.pdf,CONSULTANT
59346975.pdf,CONSULTANT
65456466.pdf,CONSULTANT
70667011.pdf,CONSULTANT
28471099.pdf,CONSULTANT
12938200.pdf,CONSULTANT
22852364.pdf,CONSULTANT
31454430.pdf,CONSULTANT
29050809.pdf,CONSULTANT
39569771.pdf,CONSULTANT
17688766.pdf,CONSULTANT
22890839.pdf,CONSULTANT
12333703.pdf,CONSULTANT
93576192.pdf,CONSULTANT
12351749.pdf,CONSULTANT
11650031.pdf,CONSULTANT
78298706.pdf,CONSULTANT
31638814.pdf,CONSULTANT
48533663.pdf,CONSULTANT
91564103.pdf,CONSULTANT
24658786.pdf,CONSULTANT
25873425.pdf,CONSULTANT
55104715.pdf,CONSULTANT
30594821.pdf,CONSULTANT
16210888.pdf,CONSULTANT
91478356.pdf,CONSULTANT
27847081.pdf,CONSULTANT
19926135.pdf,CONSULTANT
12786012.pdf,CONSULTANT
87635012.pdf,CONSULTANT
13376919.pdf,CONSULTANT
19831366.pdf,CONSULTANT
24655918.pdf,CONSULTANT
29147100.pdf,CONSULTANT
24763208.pdf,CONSULTANT
14771530.pdf,CONSULTANT
12155206.pdf,CONSULTANT
16899268.pdf,CONSULTANT
27936502.pdf,CONSULTANT
30127072.pdf,CONSULTANT
15180322.pdf,CONSULTANT
11957080.pdf,CONSULTANT
22423839.pdf,CONSULTANT
16846478.pdf,CONSULTANT
69155584.pdf,CONSULTANT
47470864.pdf,CONSULTANT
29639533.pdf,CONSULTANT
89197180.pdf,CONSULTANT
14593060.pdf,CONSULTANT
18067556.pdf,CONSULTANT
14663897.pdf,CONSULTANT
24491862.pdf,CONSULTANT
12696104.pdf,CONSULTANT
20748926.pdf,CONSULTANT
23951429.pdf,CONSULTANT
14966165.pdf,CONSULTANT
23464505.pdf,CONSULTANT
22650051.pdf,CONSULTANT
70528646.pdf,CONSULTANT
11890896.pdf,CONSULTANT
24411323.pdf,CONSULTANT
21531811.pdf,CONSULTANT
21830565.pdf,CONSULTANT
16605640.pdf,CONSULTANT
97123005.pdf,CONSULTANT
21867728.pdf,CONSULTANT
13565152.pdf,CONSULTANT
46260230.pdf,CONSULTANT
20905088.pdf,CONSULTANT
10568350.pdf,CONSULTANT
20626794.pdf,CONSULTANT
23296286.pdf,CONSULTANT
14126433.pdf,CONSULTANT
25462793.pdf,CONSULTANT
27257013.pdf,CONSULTANT
14241621.pdf,CONSULTANT
60182829.pdf,CONSULTANT
91697974.pdf,CONSULTANT
32140087.pdf,CONSULTANT
78114950.pdf,CONSULTANT
15651486.pdf,CONSULTANT
15792052.pdf,CONSULTANT
23734441.pdf,CONSULTANT
27004930.pdf,CONSULTANT
26750846.pdf,CONSULTANT
32794700.pdf,CONSULTANT
22754014.pdf,CONSULTANT
23011221.pdf,CONSULTANT
29510501.pdf,CONSULTANT
91930382.pdf,CONSULTANT
10969918.pdf,CONSULTANT
14990354.pdf,CONSULTANT
25588694.pdf,CONSULTANT
61319162.pdf,CONSULTANT
78149576.pdf,CONSULTANT
34185495.pdf,CONSULTANT
32042584.pdf,CONSULTANT
20001721.pdf,CONSULTANT
13115648.pdf,CONSULTANT
54421668.pdf,CONSULTANT
14055988.pdf,CONSULTANT
26065877.pdf,CONSULTANT
17681064.pdf,CONSULTANT
12237267.pdf,CONSULTANT
20552814.pdf,CONSULTANT
37750854.pdf,CONSULTANT
20033302.pdf,CONSULTANT
11959428.pdf,CONSULTANT
90867631.pdf,CONSULTANT
22848179.pdf,CONSULTANT
17597372.pdf,CONSULTANT
23782450.pdf,CONSULTANT
35673335.pdf,CONSULTANT
19149865.pdf,CONSULTANT
20504094.pdf,CONSULTANT
62809577.pdf,CONSULTANT
87968870.pdf,CONSULTANT
26673507.pdf,CONSULTANT
24773845.pdf,CONSULTANT
15224503.pdf,CONSULTANT
18368613.pdf,CONSULTANT
19540089.pdf,CONSULTANT
12019284.pdf,CONSULTANT
22093368.pdf,CONSULTANT
69243180.pdf,CONSULTANT
29196643.pdf,CONSULTANT
26130673.pdf,CONSULTANT
29193505.pdf,CONSULTANT
25543217.pdf,CONSULTANT
86322251.pdf,CONSULTANT
27409087.pdf,CONSULTANT
23841877.pdf,CONSULTANT
92069209.pdf,CONSULTANT
20330739.pdf,CONSULTANT
13982572.pdf,CONSULTANT
22884757.pdf,CONSULTANT
12254068.pdf,CONSULTANT
11797122.pdf,CONSULTANT
37695494.pdf,CONSULTANT
20824105.pdf,CONSULTANT
18264694.pdf,CONSULTANT
70541112.pdf,CONSULTANT
40882926.pdf,CONSULTANT
15936656.pdf,CONSULTANT
27372171.pdf,CONSULTANT
24946537.pdf,CONSULTANT
24103168.pdf,CONSULTANT
70750649.pdf,CONSULTANT
19553067.pdf,CONSULTANT
32954522.pdf,CONSULTANT
30097175.pdf,CONSULTANT
13967854.pdf,CONSULTANT
10089434.pdf,CONSULTANT
26579709.pdf,CONSULTANT
28337049.pdf,CONSULTANT
32799518.pdf,CONSULTANT
44185767.pdf,CONSULTANT
77576845.pdf,CONSULTANT
21614256.pdf,CONSULTANT
24610685.pdf,CONSULTANT
28756444.pdf,CONSULTANT
36206485.pdf,CONSULTANT
17963031.pdf,CONSULTANT
37242217.pdf,CONSULTANT
12212468.pdf,CONSULTANT
15313140.pdf,CONSULTANT
28628090.pdf,CONSULTANT
16500168.pdf,CONSULTANT
20879311.pdf,CONSULTANT
25330083.pdf,CONSULTANT
30311725.pdf,CONSULTANT
39855211.pdf,CONSULTANT
33919379.pdf,CONSULTANT
13149176.pdf,CONSULTANT
38056161.pdf,CONSULTANT
70198580.pdf,CONSULTANT
21122155.pdf,CONSULTANT
19243556.pdf,CONSULTANT
28013287.pdf,CONSULTANT
26994282.pdf,CONSULTANT
23138078.pdf,CONSULTANT
20478831.pdf,CONSULTANT
41344156.pdf,CONSULTANT
37391947.pdf,CONSULTANT
13385306.pdf,CONSULTANT
54100393.pdf,CONSULTANT
17499196.pdf,CONSULTANT
18927233.pdf,CONSULTANT
36671891.pdf,CONSULTANT
26585242.pdf,CONSULTANT
10504237.pdf,CONSULTANT
99433371.pdf,CONSULTANT
11722421.pdf,CONSULTANT
47410104.pdf,CONSULTANT
56520872.pdf,CONSULTANT
27789372.pdf,CONSULTANT
50222417.pdf,CONSULTANT
33072201.pdf,CONSULTANT
10724818.pdf,CONSULTANT
24828381.pdf,CONSULTANT
15973307.pdf,CONSULTANT
38059130.pdf,CONSULTANT
12386670.pdf,CONSULTANT
15575117.pdf,CONSULTANT
39718499.pdf,CONSULTANT
38860712.pdf,CONSULTANT
14449423.pdf,CONSULTANT
65062795.pdf,CONSULTANT
29028935.pdf,CONSULTANT
26961846.pdf,CONSULTANT
85417107.pdf,CONSULTANT
98389424.pdf,CONSULTANT
16223371.pdf,CONSULTANT
14556869.pdf,CONSULTANT
14128006.pdf,CONSULTANT
20148147.pdf,CONSULTANT
29821051.pdf,CONSULTANT
12045067.pdf,CONSULTANT
16911115.pdf,CONSULTANT
21866029.pdf,CONSULTANT
18090899.pdf,CONSULTANT
36139251.pdf,CONSULTANT
45462344.pdf,CONSULTANT
71888547.pdf,CONSULTANT
43311839.pdf,CONSULTANT
40311088.pdf,CONSULTANT
14554542.pdf,CONSULTANT
10005171.pdf,CONSULTANT
26888302.pdf,CONSULTANT
25023614.pdf,CONSULTANT
16270906.pdf,CONSULTANT
22182279.pdf,CONSULTANT
68240723.pdf,CONSULTANT
30862904.pdf,CONSULTANT
15145575.pdf,CONSULTANT
17108676.pdf,CONSULTANT
13858219.pdf,CONSULTANT
38399177.pdf,CONSULTANT
36074301.pdf,CONSULTANT
28109594.pdf,CONSULTANT
32025286.pdf,CONSULTANT
90280583.pdf,CONSULTANT
21190805.pdf,CONSULTANT
17658471.pdf,CONSULTANT
18129173.pdf,CONSULTANT
24791126.pdf,CONSULTANT
25935030.pdf,CONSULTANT
21511817.pdf,CONSULTANT
19936735.pdf,CONSULTANT
19437318.pdf,CONSULTANT
24854026.pdf,CONSULTANT
32109048.pdf,CONSULTANT
13234267.pdf,CONSULTANT
20356750.pdf,CONSULTANT
25162378.pdf,CONSULTANT
99244405.pdf,CONSULTANT
78107631.pdf,CONSULTANT
14304010.pdf,CONSULTANT
25846894.pdf,CONSULTANT
34712719.pdf,CONSULTANT
80527194.pdf,CONSULTANT
21134923.pdf,CONSULTANT
12171093.pdf,CONSULTANT
14667659.pdf,CONSULTANT
22025574.pdf,CONSULTANT
21007083.pdf,CONSULTANT
61065616.pdf,CONSULTANT
39413067.pdf,CONSULTANT
13037145.pdf,CONSULTANT
26819872.pdf,CONSULTANT
20691949.pdf,CONSULTANT
36904300.pdf,CONSULTANT
27512470.pdf,CONSULTANT
25624652.pdf,CONSULTANT
90032884.pdf,CONSULTANT
25608963.pdf,CONSULTANT
19268120.pdf,CONSULTANT
47317494.pdf,CONSULTANT
31111279.pdf,CONSULTANT
34511655.pdf,CONSULTANT
92985983.pdf,CONSULTANT
50219114.pdf,CONSULTANT
26924514.pdf,CONSULTANT
80000092.pdf,CONSULTANT
26496059.pdf,CONSULTANT
25718772.pdf,CONSULTANT
25813953.pdf,CONSULTANT
22894544.pdf,CONSULTANT
24361598.pdf,CONSULTANT
10041713.pdf,CONSULTANT
28897981.pdf,CONSULTANT
24455357.pdf,CONSULTANT
21478007.pdf,CONSULTANT
11289482.pdf,CONSULTANT
32636041.pdf,CONSULTANT
17131084.pdf,CONSULTANT
28973180.pdf,CONSULTANT
58708773.pdf,CONSULTANT
37402097.pdf,CONSULTANT
41910253.pdf,CONSULTANT
12666174.pdf,CONSULTANT
23085604.pdf,CONSULTANT
24647386.pdf,CONSULTANT
27497542.pdf,CONSULTANT
53169257.pdf,CONSULTANT
11773767.pdf,CONSULTANT
59403481.pdf,CONSULTANT
20981299.pdf,CONSULTANT
18198627.pdf,CONSULTANT
34303500.pdf,CONSULTANT
20566550.pdf,CONSULTANT
38946032.pdf,CONSULTANT
31556198.pdf,CONSULTANT
36569713.pdf,CONSULTANT
18669563.pdf,CONSULTANT
10189110.pdf,CONSULTANT
28895997.pdf,CONSULTANT
14364597.pdf,CONSULTANT
12695537.pdf,CONSULTANT
12654876.pdf,CONSULTANT
11197262.pdf,CONSULTANT
25561640.pdf,CONSULTANT
26048718.pdf,CONSULTANT
29072179.pdf,CONSULTANT
14055971.pdf,CONSULTANT
39252859.pdf,CONSULTANT
12802330.pdf,CONSULTANT
29494962.pdf,CONSULTANT
17213671.pdf,CONSULTANT
21550454.pdf,CONSULTANT
38087844.pdf,CONSULTANT
29051656.pdf,CONSULTANT
22506245.pdf,CONSULTANT
18242317.pdf,CONSULTANT
39566718.pdf,CONSULTANT
25422388.pdf,CONSULTANT
75329822.pdf,CONSULTANT
54201930.pdf,CONSULTANT
81011612.pdf,CONSULTANT
26091595.pdf,CONSULTANT
73448369.pdf,CONSULTANT
32947778.pdf,CONSULTANT
18319061.pdf,CONSULTANT
16449850.pdf,CONSULTANT
12043694.pdf,CONSULTANT
33424600.pdf,CONSULTANT
25656981.pdf,CONSULTANT
54180474.pdf,CONSULTANT
26835781.pdf,CONSULTANT
14743911.pdf,CONSULTANT
16803215.pdf,CONSULTANT
45656814.pdf,CONSULTANT
18484846.pdf,CONSULTANT
14009087.pdf,CONSULTANT
23143731.pdf,CONSULTANT
23944036.pdf,CONSULTANT
13264796.pdf,CONSULTANT
29161565.pdf,CONSULTANT
26456899.pdf,CONSULTANT
74816727.pdf,CONSULTANT
19336728.pdf,CONSULTANT
18328743.pdf,CONSULTANT
20765795.pdf,CONSULTANT
25926667.pdf,CONSULTANT
34452806.pdf,CONSULTANT
10909720.pdf,CONSULTANT
27529455.pdf,CONSULTANT
12488356.pdf,CONSULTANT
28663949.pdf,CONSULTANT
29221006.pdf,CONSULTANT
84356308.pdf,CONSULTANT
24516163.pdf,CONSULTANT
27624540.pdf,CONSULTANT
51018476.pdf,CONSULTANT
51349448.pdf,CONSULTANT
11555549.pdf,CONSULTANT
41506705.pdf,CONSULTANT
23246831.pdf,CONSULTANT
14224370.pdf,CONSULTANT
27662298.pdf,CONSULTANT
53701275.pdf,CONSULTANT
34151183.pdf,CONSULTANT
91539554.pdf,CONSULTANT
20850529.pdf,CONSULTANT
16833515.pdf,CONSULTANT
65237556.pdf,CONSULTANT
12717345.pdf,CONSULTANT
11441764.pdf,CONSULTANT
49937469.pdf,CONSULTANT
79261033.pdf,CONSULTANT
17571262.pdf,CONSULTANT
77156708.pdf,CONSULTANT
20544228.pdf,CONSULTANT
28396458.pdf,CONSULTANT
15581242.pdf,CONSULTANT
25923361.pdf,CONSULTANT
25128608.pdf,CONSULTANT
18457785.pdf,CONSULTANT
44624796.pdf,CONSULTANT
15717923.pdf,CONSULTANT
18997135.pdf,CONSULTANT
16121015.pdf,CONSULTANT
15791766.pdf,CONSULTANT
15821633.pdf,CONSULTANT
11752500.pdf,CONSULTANT
26676567.pdf,CONSULTANT
92283635.pdf,CONSULTANT
25067742.pdf,CONSULTANT
25127518.pdf,CONSULTANT
10399912.pdf,CONSULTANT
15858254.pdf,CONSULTANT
91197243.pdf,CONSULTANT
12239749.pdf,CONSULTANT
63282405.pdf,CONSULTANT
32441790.pdf,CONSULTANT
19147603.pdf,CONSULTANT
13477922.pdf,CONSULTANT
11188218.pdf,CONSULTANT
92246939.pdf,CONSULTANT
14107571.pdf,CONSULTANT
26289308.pdf,CONSULTANT
99561379.pdf,CONSULTANT
22807104.pdf,CONSULTANT
22593054.pdf,CONSULTANT
57575888.pdf,CONSULTANT
16332348.pdf,CONSULTANT
87867370.pdf,CONSULTANT
18757174.pdf,CONSULTANT
46349752.pdf,CONSULTANT
27375577.pdf,CONSULTANT
20321582.pdf,CONSULTANT
43375498.pdf,CONSULTANT
88038965.pdf,CONSULTANT
23568731.pdf,CONSULTANT
18236085.pdf,CONSULTANT
17781039.pdf,CONSULTANT
21868149.pdf,CONSULTANT
13836471.pdf,CONSULTANT
11580408.pdf,CONSULTANT
25930778.pdf,CONSULTANT
18557164.pdf,CONSULTANT
27080812.pdf,CONSULTANT
33665485.pdf,CONSULTANT
12202337.pdf,CONSULTANT
32518109.pdf,CONSULTANT
41523474.pdf,CONSULTANT
38565119.pdf,CONSULTANT
96761538.pdf,CONSULTANT
10235211.pdf,CONSULTANT
19405513.pdf,CONSULTANT
12230301.pdf,CONSULTANT
26125407.pdf,CONSULTANT
77828437.pdf,CONSULTANT
62071407.pdf,CONSULTANT
12122372.pdf,CONSULTANT
29564653.pdf,CONSULTANT
11333001.pdf,CONSULTANT
26279402.pdf,CONSULTANT
29184740.pdf,CONSULTANT
25839123.pdf,CONSULTANT
39308779.pdf,CONSULTANT
32985311.pdf,CONSULTANT
33527446.pdf,CONSULTANT
12082377.pdf,CONSULTANT
28862054.pdf,CONSULTANT
22556198.pdf,CONSULTANT
95792386.pdf,CONSULTANT
18062906.pdf,CONSULTANT
29091445.pdf,CONSULTANT
55595908.pdf,CONSULTANT
20882041.pdf,CONSULTANT
35421497.pdf,CONSULTANT
27066370.pdf,CONSULTANT
20748929.pdf,CONSULTANT
26189601.pdf,CONSULTANT
17704246.pdf,CONSULTANT
35422305.pdf,CONSULTANT
14761906.pdf,CONSULTANT
96029688.pdf,CONSULTANT
12011623.pdf,CONSULTANT
26958533.pdf,CONSULTANT
10268614.pdf,CONSULTANT
28803888.pdf,CONSULTANT
20141807.pdf,CONSULTANT
31547476.pdf,CONSULTANT
30083884.pdf,CONSULTANT
25749150.pdf,CONSULTANT
18937778.pdf,CONSULTANT
38907798.pdf,CONSULTANT
37087824.pdf,CONSULTANT
36366044.pdf,CONSULTANT
16121387.pdf,CONSULTANT
21549195.pdf,CONSULTANT
13915715.pdf,CONSULTANT
32896934.pdf,CONSULTANT
15535408.pdf,CONSULTANT
28629430.pdf,CONSULTANT
20110597.pdf,CONSULTANT
11605833.pdf,CONSULTANT
12334650.pdf,CONSULTANT
15100547.pdf,CONSULTANT
12695799.pdf,CONSULTANT
33344933.pdf,CONSULTANT
32385553.pdf,CONSULTANT
10186968.pdf,CONSULTANT
21298336.pdf,CONSULTANT
26530696.pdf,CONSULTANT
57601040.pdf,CONSULTANT
34141299.pdf,CONSULTANT
17166018.pdf,CONSULTANT
11943065.pdf,CONSULTANT
43852883.pdf,CONSULTANT
16300459.pdf,CONSULTANT
92122785.pdf,CONSULTANT
91318828.pdf,CONSULTANT
73157997.pdf,CONSULTANT
90318913.pdf,CONSULTANT
16820422.pdf,CONSULTANT
22732234.pdf,CONSULTANT
10541358.pdf,CONSULTANT
20574232.pdf,CONSULTANT
14455622.pdf,CONSULTANT
17510973.pdf,CONSULTANT
98309114.pdf,CONSULTANT
24670867.pdf,CONSULTANT
20393721.pdf,CONSULTANT
27937592.pdf,CONSULTANT
20992320.pdf,CONSULTANT
11137306.pdf,CONSULTANT
21807224.pdf,CONSULTANT
58915642.pdf,CONSULTANT
29865476.pdf,CONSULTANT
20390397.pdf,CONSULTANT
33370664.pdf,CONSULTANT
24727739.pdf,CONSULTANT
38220146.pdf,CONSULTANT
18155310.pdf,CONSULTANT
82118447.pdf,CONSULTANT
24068423.pdf,CONSULTANT
31948488.pdf,CONSULTANT
16653657.pdf,CONSULTANT
18036030.pdf,CONSULTANT
99714410.pdf,CONSULTANT
13888506.pdf,CONSULTANT
23628651.pdf,CONSULTANT
63083944.pdf,CONSULTANT
74552449.pdf,CONSULTANT
15293959.pdf,CONSULTANT
68460556.pdf,CONSULTANT
42164460.pdf,CONSULTANT
39295103.pdf,CONSULTANT
16280971.pdf,CONSULTANT
33704389.pdf,CONSULTANT
98379112.pdf,CONSULTANT
28092317.pdf,CONSULTANT
13072354.pdf,CONSULTANT
22349169.pdf,CONSULTANT
22351830.pdf,CONSULTANT
13807808.pdf,CONSULTANT
99806115.pdf,CONSULTANT
11698189.pdf,CONSULTANT
19473948.pdf,CONSULTANT
13907230.pdf,CONSULTANT
23387174.pdf,CONSULTANT
14408510.pdf,CONSULTANT
16536141.pdf,CONSULTANT
16626724.pdf,CONSULTANT
12526702.pdf,CONSULTANT
11163645.pdf,CONSULTANT
15479281.pdf,CONSULTANT
22776912.pdf,CONSULTANT
18501746.pdf,CONSULTANT
37370455.pdf,CONSULTANT
24889109.pdf,ARTS
29648950.pdf,ARTS
10554045.pdf,ARTS
70196518.pdf,ARTS
25810233.pdf,ARTS
12144825.pdf,ARTS
26046878.pdf,ARTS
10553553.pdf,ARTS
74191424.pdf,ARTS
92200491.pdf,ARTS
11677012.pdf,ARTS
27246366.pdf,ARTS
15721849.pdf,ARTS
52618188.pdf,ARTS
66832845.pdf,ARTS
54232810.pdf,ARTS
68216398.pdf,ARTS
18278509.pdf,ARTS
81042872.pdf,ARTS
19090468.pdf,ARTS
34198885.pdf,ARTS
95085510.pdf,ARTS
22546476.pdf,ARTS
25207620.pdf,ARTS
75435017.pdf,ARTS
91121135.pdf,ARTS
20024870.pdf,ARTS
14358578.pdf,ARTS
81125166.pdf,ARTS
76196367.pdf,ARTS
13294301.pdf,ARTS
12546838.pdf,ARTS
30999638.pdf,ARTS
19285236.pdf,ARTS
11637468.pdf,ARTS
25723793.pdf,ARTS
18752129.pdf,ARTS
10062724.pdf,ARTS
20932019.pdf,ARTS
18509268.pdf,ARTS
34033933.pdf,ARTS
17189156.pdf,ARTS
18208580.pdf,ARTS
19471144.pdf,ARTS
13272204.pdf,ARTS
37521676.pdf,ARTS
12191094.pdf,ARTS
35651876.pdf,ARTS
31850269.pdf,ARTS
22632070.pdf,ARTS
24412546.pdf,ARTS
24124250.pdf,ARTS
29319314.pdf,ARTS
28949406.pdf,ARTS
16915389.pdf,ARTS
54934269.pdf,ARTS
15053703.pdf,ARTS
32433431.pdf,ARTS
36252245.pdf,ARTS
27084878.pdf,ARTS
18795567.pdf,ARTS
37058472.pdf,ARTS
30397268.pdf,ARTS
23752500.pdf,ARTS
49997097.pdf,ARTS
28711616.pdf,ARTS
14413148.pdf,ARTS
17555081.pdf,ARTS
16353584.pdf,ARTS
19147947.pdf,ARTS
24770846.pdf,ARTS
23602130.pdf,ARTS
12472574.pdf,ARTS
56525735.pdf,ARTS
18172739.pdf,ARTS
54259150.pdf,ARTS
68781345.pdf,ARTS
37792474.pdf,ARTS
15011085.pdf,ARTS
27099856.pdf,ARTS
28679359.pdf,ARTS
11704150.pdf,ARTS
93828034.pdf,ARTS
57002858.pdf,ARTS
19714635.pdf,ARTS
36861863.pdf,ARTS
15354126.pdf,ARTS
29093426.pdf,ARTS
24574164.pdf,ARTS
28522529.pdf,ARTS
22855060.pdf,ARTS
53640713.pdf,ARTS
23761385.pdf,ARTS
44115326.pdf,ARTS
25315791.pdf,ARTS
30863060.pdf,ARTS
10818478.pdf,ARTS
25157655.pdf,ARTS
14391434.pdf,ARTS
20628003.pdf,ARTS
16391949.pdf,ARTS
27243670.pdf,ARTS
74522938.pdf,ARTS
20633855.pdf,ARTS
39027764.pdf,ARTS
20835760.pdf,ARTS
84295343.pdf,ARTS
29772450.pdf,ARTS
11209758.pdf,ENGINEERING
28635795.pdf,ENGINEERING
30938994.pdf,ENGINEERING
11963737.pdf,ENGINEERING
24230851.pdf,ENGINEERING
85421438.pdf,ENGINEERING
36149549.pdf,ENGINEERING
10466208.pdf,ENGINEERING
10235429.pdf,ENGINEERING
93512385.pdf,ENGINEERING
51639418.pdf,ENGINEERING
36019469.pdf,ENGINEERING
76454959.pdf,ENGINEERING
24643412.pdf,ENGINEERING
34583750.pdf,ENGINEERING
15337481.pdf,ENGINEERING
27419236.pdf,ENGINEERING
95769832.pdf,ENGINEERING
12669075.pdf,ENGINEERING
10100240.pdf,ENGINEERING
60004873.pdf,ENGINEERING
22380187.pdf,ENGINEERING
28377361.pdf,ENGINEERING
26456474.pdf,ENGINEERING
16964217.pdf,ENGINEERING
13195436.pdf,ENGINEERING
22800977.pdf,ENGINEERING
19918523.pdf,ENGINEERING
16511249.pdf,ENGINEERING
39434376.pdf,ENGINEERING
39970711.pdf,ENGINEERING
11995013.pdf,ENGINEERING
28916894.pdf,ENGINEERING
10428916.pdf,ENGINEERING
48037995.pdf,ENGINEERING
39674782.pdf,ENGINEERING
29014805.pdf,ENGINEERING
29534737.pdf,ENGINEERING
69199666.pdf,ENGINEERING
95625660.pdf,ENGINEERING
66683238.pdf,ENGINEERING
28419927.pdf,ENGINEERING
11480899.pdf,ENGINEERING
36694627.pdf,ENGINEERING
36379931.pdf,ENGINEERING
28640735.pdf,ENGINEERING
29897742.pdf,ENGINEERING
28139742.pdf,ENGINEERING
15684810.pdf,ENGINEERING
33286293.pdf,ENGINEERING
18725071.pdf,ENGINEERING
73030450.pdf,ENGINEERING
63145386.pdf,ENGINEERING
37333719.pdf,ENGINEERING
25729119.pdf,ENGINEERING
34689720.pdf,ENGINEERING
31909493.pdf,ENGINEERING
83816738.pdf,ENGINEERING
52252936.pdf,ENGINEERING
11183737.pdf,ENGINEERING
39441617.pdf,ENGINEERING
26622051.pdf,ENGINEERING
49127329.pdf,ENGINEERING
17562754.pdf,ENGINEERING
14146106.pdf,ENGINEERING
13411858.pdf,ENGINEERING
11266906.pdf,ENGINEERING
12897903.pdf,ENGINEERING
13405229.pdf,ENGINEERING
14445309.pdf,ENGINEERING
13405733.pdf,ENGINEERING
94492380.pdf,ENGINEERING
99033098.pdf,ENGINEERING
31064969.pdf,ENGINEERING
79570655.pdf,ENGINEERING
17307206.pdf,ENGINEERING
18586076.pdf,ENGINEERING
31042953.pdf,ENGINEERING
39064638.pdf,ENGINEERING
31273413.pdf,ENGINEERING
24240349.pdf,ENGINEERING
15281412.pdf,ENGINEERING
18645964.pdf,ENGINEERING
31211074.pdf,ENGINEERING
11522068.pdf,ENGINEERING
89508407.pdf,ENGINEERING
21567392.pdf,ENGINEERING
29267293.pdf,ENGINEERING
25724495.pdf,ENGINEERING
80679862.pdf,ENGINEERING
49325370.pdf,ENGINEERING
17483843.pdf,ENGINEERING
12467531.pdf,ENGINEERING
27888251.pdf,ENGINEERING
43720116.pdf,ENGINEERING
43752620.pdf,ENGINEERING
12777487.pdf,ENGINEERING
15154822.pdf,ENGINEERING
79536879.pdf,ENGINEERING
20345168.pdf,ENGINEERING
10898339.pdf,ENGINEERING
38753827.pdf,ENGINEERING
18525641.pdf,ENGINEERING
16091352.pdf,ENGINEERING
32318506.pdf,ENGINEERING
21568833.pdf,ENGINEERING
25625173.pdf,ENGINEERING
11332602.pdf,ENGINEERING
15306049.pdf,ENGINEERING
20357858.pdf,ENGINEERING
27917969.pdf,ENGINEERING
83338413.pdf,ENGINEERING
13080868.pdf,ENGINEERING
28383893.pdf,ENGINEERING
33893326.pdf,ENGINEERING
15603319.pdf,ENGINEERING
15680735.pdf,ENGINEERING
23933031.pdf,ENGINEERING
24410405.pdf,ENGINEERING
33381211.pdf,ENGINEERING
45286020.pdf,ENGINEERING
23914451.pdf,ENGINEERING
21512769.pdf,ENGINEERING
44476983.pdf,ENGINEERING
12674256.pdf,ENGINEERING
13764840.pdf,ENGINEERING
16288901.pdf,ENGINEERING
27796199.pdf,ENGINEERING
41586420.pdf,ENGINEERING
24611721.pdf,ENGINEERING
10289113.pdf,ENGINEERING
13575312.pdf,ENGINEERING
31243710.pdf,ENGINEERING
25061645.pdf,ENGINEERING
14176254.pdf,ENGINEERING
17960690.pdf,ENGINEERING
26586477.pdf,ENGINEERING
12504278.pdf,ENGINEERING
10176013.pdf,ENGINEERING
27980446.pdf,ENGINEERING
29815762.pdf,ENGINEERING
26330995.pdf,ENGINEERING
29329075.pdf,ENGINEERING
26919036.pdf,ENGINEERING
17556527.pdf,ENGINEERING
36102323.pdf,ENGINEERING
29524570.pdf,ENGINEERING
27030979.pdf,ENGINEERING
98108571.pdf,ENGINEERING
20253563.pdf,ENGINEERING
63670997.pdf,ENGINEERING
29775391.pdf,ENGINEERING
61322296.pdf,ENGINEERING
33542483.pdf,ENGINEERING
11336022.pdf,ENGINEERING
28298773.pdf,ENGINEERING
51508889.pdf,ENGINEERING
46258701.pdf,ENGINEERING
12938389.pdf,ENGINEERING
25959103.pdf,ENGINEERING
33236701.pdf,ENGINEERING
31220062.pdf,ENGINEERING
61315605.pdf,ENGINEERING
28790806.pdf,ENGINEERING
20565486.pdf,ENGINEERING
13178604.pdf,ENGINEERING
34304175.pdf,ENGINEERING
16492045.pdf,ENGINEERING
10712803.pdf,ENGINEERING
12413512.pdf,ENGINEERING
16103783.pdf,ENGINEERING
35157762.pdf,ENGINEERING
13348915.pdf,ENGINEERING
27165830.pdf,ENGINEERING
25482567.pdf,ENGINEERING
39247950.pdf,ENGINEERING
26780935.pdf,ENGINEERING
21904897.pdf,ENGINEERING
13727873.pdf,ENGINEERING
16661264.pdf,ENGINEERING
10748989.pdf,ENGINEERING
11121498.pdf,ENGINEERING
51554903.pdf,ENGINEERING
10515955.pdf,ENGINEERING
17115815.pdf,ENGINEERING
26746496.pdf,ENGINEERING
20138606.pdf,ENGINEERING
28672970.pdf,ENGINEERING
37560528.pdf,ENGINEERING
21334981.pdf,ENGINEERING
51209395.pdf,ENGINEERING
24548333.pdf,ENGINEERING
21283733.pdf,ENGINEERING
38115035.pdf,ENGINEERING
10751444.pdf,ENGINEERING
14958913.pdf,ENGINEERING
15636923.pdf,ENGINEERING
21622444.pdf,ENGINEERING
37360517.pdf,ENGINEERING
24833063.pdf,ENGINEERING
79541391.pdf,ENGINEERING
23190306.pdf,ENGINEERING
19861776.pdf,ENGINEERING
19796840.pdf,ENGINEERING
23955183.pdf,ENGINEERING
19374660.pdf,ENGINEERING
21156767.pdf,ENGINEERING
23396633.pdf,ENGINEERING
19195747.pdf,ENGINEERING
18949843.pdf,ENGINEERING
29723311.pdf,ENGINEERING
25694422.pdf,ENGINEERING
30529547.pdf,ENGINEERING
11187796.pdf,ENGINEERING
51777546.pdf,ENGINEERING
26013403.pdf,ENGINEERING
10176815.pdf,ENGINEERING
69097572.pdf,ENGINEERING
39674178.pdf,ENGINEERING
32532982.pdf,ENGINEERING
22452756.pdf,ENGINEERING
29998869.pdf,ENGINEERING
27000192.pdf,ENGINEERING
15289348.pdf,ENGINEERING
20255404.pdf,ENGINEERING
47067533.pdf,ENGINEERING
83566455.pdf,ENGINEERING
20172393.pdf,ENGINEERING
40987524.pdf,ENGINEERING
29908929.pdf,ENGINEERING
25098739.pdf,ENGINEERING
30709029.pdf,ENGINEERING
11919526.pdf,ENGINEERING
82738323.pdf,ENGINEERING
26921245.pdf,ENGINEERING
27606527.pdf,ENGINEERING
23323001.pdf,ENGINEERING
15601399.pdf,ENGINEERING
22323967.pdf,ENGINEERING
18024825.pdf,ENGINEERING
12904972.pdf,ENGINEERING
53129155.pdf,ENGINEERING
63391085.pdf,ENGINEERING
31162167.pdf,ENGINEERING
24154692.pdf,ENGINEERING
18079050.pdf,ENGINEERING
97405769.pdf,ENGINEERING
37739183.pdf,ENGINEERING
13998435.pdf,ENGINEERING
15602094.pdf,ENGINEERING
17847636.pdf,ENGINEERING
29525715.pdf,ENGINEERING
17855844.pdf,ENGINEERING
11807040.pdf,ENGINEERING
31694970.pdf,ENGINEERING
51681660.pdf,ENGINEERING
39805617.pdf,ENGINEERING
26098594.pdf,ENGINEERING
14886205.pdf,ENGINEERING
67631413.pdf,ENGINEERING
91153752.pdf,ENGINEERING
27187994.pdf,ENGINEERING
77439230.pdf,ENGINEERING
17812897.pdf,ENGINEERING
19503224.pdf,ENGINEERING
12674307.pdf,ENGINEERING
56068028.pdf,ENGINEERING
20817322.pdf,ENGINEERING
26341987.pdf,ENGINEERING
17254634.pdf,ENGINEERING
14517953.pdf,ENGINEERING
37335325.pdf,ENGINEERING
22391901.pdf,ENGINEERING
3547447.pdf,ENGINEERING
14413257.pdf,ENGINEERING
42427521.pdf,ENGINEERING
23302948.pdf,ENGINEERING
28531493.pdf,ENGINEERING
29002596.pdf,ENGINEERING
18635654.pdf,ENGINEERING
24221960.pdf,ENGINEERING
30608780.pdf,ENGINEERING
19364677.pdf,ENGINEERING
10329506.pdf,ENGINEERING
38355831.pdf,ENGINEERING
21780877.pdf,ENGINEERING
24025053.pdf,ENGINEERING
22450718.pdf,ENGINEERING
29647215.pdf,ENGINEERING
16962067.pdf,ENGINEERING
18640927.pdf,ENGINEERING
30128072.pdf,ENGINEERING
17915015.pdf,ENGINEERING
20149476.pdf,ENGINEERING
52979663.pdf,ENGINEERING
29926588.pdf,ENGINEERING
18354623.pdf,ENGINEERING
18029935.pdf,ENGINEERING
55712978.pdf,ENGINEERING
27213082.pdf,ENGINEERING
13418452.pdf,ENGINEERING
22605864.pdf,ENGINEERING
20969119.pdf,ENGINEERING
11887930.pdf,ENGINEERING
28186635.pdf,ENGINEERING
27502951.pdf,ENGINEERING
21283365.pdf,ENGINEERING
34146825.pdf,ENGINEERING
30337969.pdf,ENGINEERING
34758680.pdf,ENGINEERING
37997506.pdf,ENGINEERING
28423028.pdf,ENGINEERING
13675377.pdf,ENGINEERING
97169343.pdf,ENGINEERING
31114531.pdf,ENGINEERING
86184722.pdf,ENGINEERING
19124258.pdf,ENGINEERING
16172429.pdf,ENGINEERING
14849103.pdf,ENGINEERING
22968380.pdf,ENGINEERING
86551046.pdf,ENGINEERING
21847415.pdf,ENGINEERING
27490876.pdf,ENGINEERING
35121930.pdf,ENGINEERING
21570485.pdf,ENGINEERING
25328428.pdf,ENGINEERING
79759716.pdf,ENGINEERING
18301617.pdf,ENGINEERING
14140903.pdf,ENGINEERING
24953921.pdf,ENGINEERING
20026169.pdf,ENGINEERING
11763983.pdf,ENGINEERING
25047127.pdf,ENGINEERING
50328713.pdf,ENGINEERING
89413122.pdf,ENGINEERING
11850315.pdf,ENGINEERING
16279537.pdf,ENGINEERING
28051330.pdf,ENGINEERING
22465498.pdf,ENGINEERING
67032711.pdf,ENGINEERING
11981094.pdf,ENGINEERING
21238396.pdf,ENGINEERING
11270462.pdf,ENGINEERING
28815362.pdf,ENGINEERING
23804341.pdf,ENGINEERING
29208172.pdf,ENGINEERING
37375999.pdf,ENGINEERING
20806155.pdf,ENGINEERING
21763056.pdf,ENGINEERING
23719943.pdf,ENGINEERING
29297393.pdf,ENGINEERING
28005884.pdf,ENGINEERING
29612672.pdf,ENGINEERING
14752209.pdf,ENGINEERING
28871170.pdf,ENGINEERING
22706174.pdf,ENGINEERING
74512244.pdf,ENGINEERING
80503242.pdf,ENGINEERING
13574264.pdf,ENGINEERING
23015611.pdf,ENGINEERING
29764492.pdf,ENGINEERING
15233524.pdf,ENGINEERING
39470264.pdf,ENGINEERING
77266989.pdf,ENGINEERING
28320387.pdf,ENGINEERING
85973397.pdf,ENGINEERING
36625776.pdf,ENGINEERING
11020140.pdf,ENGINEERING
23617240.pdf,ENGINEERING
34252537.pdf,ENGINEERING
17199951.pdf,ENGINEERING
11432686.pdf,ENGINEERING
34317538.pdf,ENGINEERING
69458502.pdf,ENGINEERING
14879257.pdf,ENGINEERING
38989376.pdf,ENGINEERING
12518008.pdf,ENGINEERING
27524018.pdf,ENGINEERING
37087371.pdf,ENGINEERING
23139819.pdf,ENGINEERING
40088790.pdf,ENGINEERING
23760084.pdf,ENGINEERING
27689009.pdf,ENGINEERING
31395742.pdf,ENGINEERING
12567516.pdf,ENGINEERING
43622023.pdf,ENGINEERING
19532392.pdf,ENGINEERING
13393401.pdf,ENGINEERING
23438227.pdf,ENGINEERING
29177904.pdf,ENGINEERING
80162314.pdf,ENGINEERING
95011061.pdf,ENGINEERING
23917826.pdf,ENGINEERING
26071861.pdf,ENGINEERING
15620421.pdf,ENGINEERING
33141415.pdf,ENGINEERING
13212436.pdf,ENGINEERING
23810469.pdf,ENGINEERING
14150896.pdf,ENGINEERING
93349646.pdf,ENGINEERING
16620172.pdf,ENGINEERING
20674668.pdf,ENGINEERING
38108845.pdf,ENGINEERING
27820360.pdf,ENGINEERING
19396040.pdf,ENGINEERING
39081840.pdf,ENGINEERING
20819838.pdf,ENGINEERING
17276884.pdf,ENGINEERING
28745844.pdf,ENGINEERING
23631724.pdf,ENGINEERING
25150191.pdf,ENGINEERING
54067174.pdf,ENGINEERING
19156751.pdf,ENGINEERING
38896303.pdf,ENGINEERING
10480456.pdf,ENGINEERING
16694152.pdf,ENGINEERING
20565849.pdf,ENGINEERING
20490741.pdf,ENGINEERING
25452321.pdf,ENGINEERING
29456173.pdf,ENGINEERING
46772262.pdf,ENGINEERING
19850482.pdf,ENGINEERING
18369400.pdf,ENGINEERING
10738095.pdf,ENGINEERING
49204385.pdf,ENGINEERING
10641230.pdf,ENGINEERING
37540732.pdf,ENGINEERING
28772892.pdf,ENGINEERING
25213006.pdf,ENGINEERING
17150707.pdf,ENGINEERING
27850777.pdf,ENGINEERING
20470943.pdf,ENGINEERING
22168194.pdf,ENGINEERING
20748468.pdf,ENGINEERING
11902276.pdf,ENGINEERING
28942221.pdf,ENGINEERING
29784524.pdf,ENGINEERING
13809698.pdf,ENGINEERING
18187364.pdf,ENGINEERING
23416654.pdf,ENGINEERING
17252448.pdf,ENGINEERING
67501448.pdf,ENGINEERING
31217840.pdf,ENGINEERING
26127853.pdf,ENGINEERING
71767359.pdf,ENGINEERING
39776400.pdf,ENGINEERING
31016926.pdf,ENGINEERING
61677751.pdf,ENGINEERING
27831220.pdf,ENGINEERING
34970271.pdf,ENGINEERING
16893572.pdf,ENGINEERING
43408471.pdf,ENGINEERING
24709432.pdf,ENGINEERING
95970987.pdf,ENGINEERING
12923795.pdf,ENGINEERING
69764348.pdf,ENGINEERING
25905275.pdf,ENGINEERING
23497307.pdf,ENGINEERING
23009962.pdf,ENGINEERING
79432080.pdf,ENGINEERING
69181350.pdf,ENGINEERING
18133495.pdf,ENGINEERING
14278888.pdf,ENGINEERING
27921561.pdf,ENGINEERING
19920687.pdf,ENGINEERING
10876132.pdf,ENGINEERING
36170003.pdf,ENGINEERING
52246737.pdf,ENGINEERING
37764298.pdf,ENGINEERING
96547039.pdf,ENGINEERING
22561438.pdf,ENGINEERING
86597425.pdf,ENGINEERING
23522150.pdf,ENGINEERING
24677466.pdf,ENGINEERING
28998957.pdf,ENGINEERING
26718039.pdf,ENGINEERING
19616406.pdf,ENGINEERING
29406313.pdf,ENGINEERING
15353911.pdf,ENGINEERING
14589288.pdf,ENGINEERING
32605413.pdf,ENGINEERING
19007667.pdf,ENGINEERING
20966771.pdf,ENGINEERING
91072502.pdf,ENGINEERING
17043822.pdf,ENGINEERING
90629382.pdf,ENGINEERING
27018550.pdf,ENGINEERING
10228751.pdf,ENGINEERING
16356151.pdf,ENGINEERING
38688388.pdf,ENGINEERING
47487091.pdf,ENGINEERING
37348041.pdf,ENGINEERING
59011090.pdf,ENGINEERING
29149998.pdf,ENGINEERING
26069113.pdf,ENGINEERING
82929064.pdf,ENGINEERING
49486820.pdf,ENGINEERING
17823436.pdf,ENGINEERING
22496394.pdf,ENGINEERING
16852973.pdf,ENGINEERING
26070334.pdf,ENGINEERING
25678238.pdf,ENGINEERING
18835363.pdf,ENGINEERING
14910300.pdf,ENGINEERING
23438112.pdf,ENGINEERING
28396528.pdf,ENGINEERING
58665241.pdf,ENGINEERING
28175164.pdf,ENGINEERING
35737840.pdf,ENGINEERING
74849878.pdf,ENGINEERING
15375009.pdf,ENGINEERING
33685075.pdf,ENGINEERING
27637576.pdf,ENGINEERING
22946204.pdf,ENGINEERING
13503650.pdf,ENGINEERING
24349611.pdf,ENGINEERING
18636651.pdf,ENGINEERING
28111403.pdf,ENGINEERING
17312146.pdf,ENGINEERING
59962788.pdf,ENGINEERING
20624984.pdf,ENGINEERING
29134372.pdf,ENGINEERING
30864828.pdf,ENGINEERING
10276858.pdf,ENGINEERING
18297650.pdf,ENGINEERING
90468982.pdf,ENGINEERING
19724031.pdf,ENGINEERING
39166680.pdf,ENGINEERING
15499825.pdf,ENGINEERING
23032182.pdf,ENGINEERING
89740812.pdf,ENGINEERING
57262959.pdf,ENGINEERING
25706337.pdf,ENGINEERING
19234823.pdf,ENGINEERING
90066849.pdf,ENGINEERING
29574501.pdf,ENGINEERING
12820557.pdf,ENGINEERING
20408458.pdf,ENGINEERING
27298953.pdf,ENGINEERING
36302399.pdf,ENGINEERING
17008356.pdf,ENGINEERING
18885231.pdf,ENGINEERING
14724186.pdf,ENGINEERING
23666211.pdf,ENGINEERING
59938965.pdf,ENGINEERING
45987048.pdf,ENGINEERING
99680385.pdf,ENGINEERING
23032276.pdf,ENGINEERING
18365443.pdf,ENGINEERING
48549972.pdf,ENGINEERING
11257723.pdf,ENGINEERING
38535335.pdf,ENGINEERING
37751611.pdf,ENGINEERING
24708621.pdf,ENGINEERING
50432401.pdf,AVIATION
42332765.pdf,AVIATION
20705888.pdf,AVIATION
18714571.pdf,AVIATION
78357954.pdf,AVIATION
94047639.pdf,AVIATION
10953078.pdf,AVIATION
17876954.pdf,AVIATION
12065211.pdf,AVIATION
11551946.pdf,AVIATION
36970996.pdf,AVIATION
73282756.pdf,AVIATION
31199035.pdf,AVIATION
21595057.pdf,AVIATION
32081266.pdf,AVIATION
36856210.pdf,AVIATION
17570634.pdf,AVIATION
36094883.pdf,AVIATION
13072019.pdf,AVIATION
10030015.pdf,AVIATION
80275976.pdf,AVIATION
34783330.pdf,AVIATION
28923650.pdf,AVIATION
17686472.pdf,AVIATION
27096471.pdf,AVIATION
34816637.pdf,AVIATION
17432318.pdf,AVIATION
20488267.pdf,AVIATION
28419173.pdf,AVIATION
19818707.pdf,AVIATION
72136463.pdf,AVIATION
25497147.pdf,AVIATION
15811992.pdf,AVIATION
96457008.pdf,AVIATION
17624934.pdf,AVIATION
25080805.pdf,AVIATION
26530575.pdf,AVIATION
14626780.pdf,AVIATION
10674770.pdf,AVIATION
15261348.pdf,AVIATION
65352424.pdf,AVIATION
24589765.pdf,AVIATION
62994611.pdf,AVIATION
69360287.pdf,AVIATION
10568183.pdf,AVIATION
14062078.pdf,AVIATION
19072267.pdf,AVIATION
91116867.pdf,AVIATION
28609364.pdf,AVIATION
16203589.pdf,AVIATION
27531694.pdf,AVIATION
25824789.pdf,AVIATION
35468363.pdf,AVIATION
28290448.pdf,AVIATION
38663892.pdf,AVIATION
31362807.pdf,AVIATION
32265203.pdf,AVIATION
80053367.pdf,AVIATION
11877150.pdf,AVIATION
91189201.pdf,AVIATION
15592167.pdf,AVIATION
18171955.pdf,AVIATION
14496667.pdf,AVIATION
22019500.pdf,AVIATION
26234972.pdf,AVIATION
28176889.pdf,AVIATION
74236636.pdf,AVIATION
85918100.pdf,AVIATION
35483925.pdf,AVIATION
19671909.pdf,AVIATION
25507648.pdf,AVIATION
28975482.pdf,AVIATION
34875813.pdf,AVIATION
66906212.pdf,AVIATION
11360471.pdf,AVIATION
28969385.pdf,AVIATION
13313917.pdf,AVIATION
21297521.pdf,AVIATION
37660306.pdf,AVIATION
91051945.pdf,AVIATION
15041689.pdf,AVIATION
12632728.pdf,DESIGNER
28359817.pdf,DESIGNER
